<?xml version="1.0"?>
<schema version="0.3">
	<table name="btContenidoArchivo">
		<field name="bID" type="I">
			<key />
			<unsigned />
		</field>
		<field name="fID" type="I">
			<unsigned />
		</field>
		<field name="fileLinkText" type="C" size="255"/>
        <field name="fileTitle" type="C" size="255"/>
        <field name="fileDescription" type="X" size="4000"/>
        <field name="fileIcon" type="I"/>
		<field name="filePassword" type="C" size="255"/>
        <index name="fID">
            <col>fID</col>
        </index>
	</table>
</schema>
