<?xml version="1.0"?>
<schema version="0.3">
    <table name="btGaleria">
        <field name="bID" type="I">
            <key />
            <unsigned />
        </field>
        <field name="titulo" type="C" size="50"></field>
		<field name="cantItemsPag" type="I"><UNSIGNED /><default value="9" /></field>
    </table>
    
    <table name="btGaleriaEntries">
        <field name="id" type="I">
            <key />
            <unsigned />
            <autoincrement />
        </field>
        <field name="bID" type="I"><unsigned /></field>
        <field name="titulo" type="C" size="100"></field>        
        <field name="orden" type="I">
            <notnull />
            </field>   
		<field name="fID" type="I"><UNSIGNED /><default value="0" /></field>
    </table>
</schema>